Workbook

Sheet Summary
A1: PlanRadar Form Builder – Test Execution Report
A2: QA Assessment Task | Manual test execution on the PlanRadar Web App
A4: Application | B4: PlanRadar Web App – Forms and Lists > Forms (Form Builder)
A5: Project | B5: QA Assessment - Form Builder
A6: Location | B6: QA Testing Location
A7: Form under test | B7: QA_Form_Assessment_2026
A8: Environment | B8: PlanRadar trial account, Google Chrome (latest), Windows
A9: Test cycles | B9: Cycle 1 – 23 Oct 2026 (20 cases) · Cycle 2 – 24 Oct 2026 (15 cases)
A10: Tester | B10: Mohamed El Hadad
A12: Execution summary by scenario
A13: Scenario ID | B13: Description | C13: Total | D13: Passed | E13: Failed | F13: Skipped | G13: Not Run | H13: Executed | I13: Pass rate*
A14: SC-01 | B14: Form creation & field configuration | C14: =COUNTIF('Test Cases'!$B:$B,$A14) -> 14 | D14: =COUNTIFS('Test Cases'!$B:$B,$A14,'Test Cases'!$L:$L,"Passed") -> 12 | E14: =COUNTIFS('Test Cases'!$B:$B,$A14,'Test Cases'!$L:$L,"Failed") -> 0 | F14: =COUNTIFS('Test Cases'!$B:$B,$A14,'Test Cases'!$L:$L,"Skipped") -> 2 | G14: =COUNTIFS('Test Cases'!$B:$B,$A14,'Test Cases'!$L:$L,"Not Run") -> 0 | H14: =D14+E14 -> 12 | I14: =IF(H14=0,"–",D14/H14) -> 1
A15: SC-02 | B15: Field permissions (view / edit per role) | C15: =COUNTIF('Test Cases'!$B:$B,$A15) -> 8 | D15: =COUNTIFS('Test Cases'!$B:$B,$A15,'Test Cases'!$L:$L,"Passed") -> 5 | E15: =COUNTIFS('Test Cases'!$B:$B,$A15,'Test Cases'!$L:$L,"Failed") -> 0 | F15: =COUNTIFS('Test Cases'!$B:$B,$A15,'Test Cases'!$L:$L,"Skipped") -> 2 | G15: =COUNTIFS('Test Cases'!$B:$B,$A15,'Test Cases'!$L:$L,"Not Run") -> 1 | H15: =D15+E15 -> 5 | I15: =IF(H15=0,"–",D15/H15) -> 1
A16: SC-03 | B16: Default values | C16: =COUNTIF('Test Cases'!$B:$B,$A16) -> 5 | D16: =COUNTIFS('Test Cases'!$B:$B,$A16,'Test Cases'!$L:$L,"Passed") -> 5 | E16: =COUNTIFS('Test Cases'!$B:$B,$A16,'Test Cases'!$L:$L,"Failed") -> 0 | F16: =COUNTIFS('Test Cases'!$B:$B,$A16,'Test Cases'!$L:$L,"Skipped") -> 0 | G16: =COUNTIFS('Test Cases'!$B:$B,$A16,'Test Cases'!$L:$L,"Not Run") -> 0 | H16: =D16+E16 -> 5 | I16: =IF(H16=0,"–",D16/H16) -> 1
A17: SC-04 | B17: Mandatory fields | C17: =COUNTIF('Test Cases'!$B:$B,$A17) -> 8 | D17: =COUNTIFS('Test Cases'!$B:$B,$A17,'Test Cases'!$L:$L,"Passed") -> 6 | E17: =COUNTIFS('Test Cases'!$B:$B,$A17,'Test Cases'!$L:$L,"Failed") -> 0 | F17: =COUNTIFS('Test Cases'!$B:$B,$A17,'Test Cases'!$L:$L,"Skipped") -> 0 | G17: =COUNTIFS('Test Cases'!$B:$B,$A17,'Test Cases'!$L:$L,"Not Run") -> 2 | H17: =D17+E17 -> 6 | I17: =IF(H17=0,"–",D17/H17) -> 1
A18: TOTAL | C18: =SUM(C14:C17) -> 35 | D18: =SUM(D14:D17) -> 28 | E18: =SUM(E14:E17) -> 0 | F18: =SUM(F14:F17) -> 4 | G18: =SUM(G14:G17) -> 3 | H18: =SUM(H14:H17) -> 28 | I18: =IF(H18=0,"–",D18/H18) -> 1
A20: Execution summary by cycle
A21: Cycle | B21: Description | C21: Total | D21: Passed | E21: Failed | F21: Skipped | G21: Not Run | H21: Executed | I21: Pass rate*
A22: Cycle 1 | B22: 23 Oct 2026 – core scenarios | C22: =COUNTIF('Test Cases'!$M:$M,$A22) -> 20 | D22: =COUNTIFS('Test Cases'!$M:$M,$A22,'Test Cases'!$L:$L,"Passed") -> 20 | E22: =COUNTIFS('Test Cases'!$M:$M,$A22,'Test Cases'!$L:$L,"Failed") -> 0 | F22: =COUNTIFS('Test Cases'!$M:$M,$A22,'Test Cases'!$L:$L,"Skipped") -> 0 | G22: =COUNTIFS('Test Cases'!$M:$M,$A22,'Test Cases'!$L:$L,"Not Run") -> 0 | H22: =D22+E22 -> 20 | I22: =IF(H22=0,"–",D22/H22) -> 1
A23: Cycle 2 | B23: 24 Oct 2026 – coverage extension | C23: =COUNTIF('Test Cases'!$M:$M,$A23) -> 15 | D23: =COUNTIFS('Test Cases'!$M:$M,$A23,'Test Cases'!$L:$L,"Passed") -> 8 | E23: =COUNTIFS('Test Cases'!$M:$M,$A23,'Test Cases'!$L:$L,"Failed") -> 0 | F23: =COUNTIFS('Test Cases'!$M:$M,$A23,'Test Cases'!$L:$L,"Skipped") -> 4 | G23: =COUNTIFS('Test Cases'!$M:$M,$A23,'Test Cases'!$L:$L,"Not Run") -> 3 | H23: =D23+E23 -> 8 | I23: =IF(H23=0,"–",D23/H23) -> 1
A24: TOTAL | C24: =SUM(C22:C23) -> 35 | D24: =SUM(D22:D23) -> 28 | E24: =SUM(E22:E23) -> 0 | F24: =SUM(F22:F23) -> 4 | G24: =SUM(G22:G23) -> 3 | H24: =SUM(H22:H23) -> 28 | I24: =IF(H24=0,"–",D24/H24) -> 1
A26: Execution summary by priority
A27: Priority | B27: Description | C27: Total | D27: Passed | E27: Failed | F27: Skipped | G27: Not Run | H27: Executed | I27: Pass rate*
A28: Critical | C28: =COUNTIF('Test Cases'!$F:$F,$A28) -> 4 | D28: =COUNTIFS('Test Cases'!$F:$F,$A28,'Test Cases'!$L:$L,"Passed") -> 4 | E28: =COUNTIFS('Test Cases'!$F:$F,$A28,'Test Cases'!$L:$L,"Failed") -> 0 | F28: =COUNTIFS('Test Cases'!$F:$F,$A28,'Test Cases'!$L:$L,"Skipped") -> 0 | G28: =COUNTIFS('Test Cases'!$F:$F,$A28,'Test Cases'!$L:$L,"Not Run") -> 0 | H28: =D28+E28 -> 4 | I28: =IF(H28=0,"–",D28/H28) -> 1
A29: High | C29: =COUNTIF('Test Cases'!$F:$F,$A29) -> 14 | D29: =COUNTIFS('Test Cases'!$F:$F,$A29,'Test Cases'!$L:$L,"Passed") -> 12 | E29: =COUNTIFS('Test Cases'!$F:$F,$A29,'Test Cases'!$L:$L,"Failed") -> 0 | F29: =COUNTIFS('Test Cases'!$F:$F,$A29,'Test Cases'!$L:$L,"Skipped") -> 1 | G29: =COUNTIFS('Test Cases'!$F:$F,$A29,'Test Cases'!$L:$L,"Not Run") -> 1 | H29: =D29+E29 -> 12 | I29: =IF(H29=0,"–",D29/H29) -> 1
A30: Medium | C30: =COUNTIF('Test Cases'!$F:$F,$A30) -> 17 | D30: =COUNTIFS('Test Cases'!$F:$F,$A30,'Test Cases'!$L:$L,"Passed") -> 12 | E30: =COUNTIFS('Test Cases'!$F:$F,$A30,'Test Cases'!$L:$L,"Failed") -> 0 | F30: =COUNTIFS('Test Cases'!$F:$F,$A30,'Test Cases'!$L:$L,"Skipped") -> 3 | G30: =COUNTIFS('Test Cases'!$F:$F,$A30,'Test Cases'!$L:$L,"Not Run") -> 2 | H30: =D30+E30 -> 12 | I30: =IF(H30=0,"–",D30/H30) -> 1
A31: Low | C31: =COUNTIF('Test Cases'!$F:$F,$A31) -> 0 | D31: =COUNTIFS('Test Cases'!$F:$F,$A31,'Test Cases'!$L:$L,"Passed") -> 0 | E31: =COUNTIFS('Test Cases'!$F:$F,$A31,'Test Cases'!$L:$L,"Failed") -> 0 | F31: =COUNTIFS('Test Cases'!$F:$F,$A31,'Test Cases'!$L:$L,"Skipped") -> 0 | G31: =COUNTIFS('Test Cases'!$F:$F,$A31,'Test Cases'!$L:$L,"Not Run") -> 0 | H31: =D31+E31 -> 0 | I31: =IF(H31=0,"–",D31/H31) -> –
A32: TOTAL | C32: =SUM(C28:C31) -> 35 | D32: =SUM(D28:D31) -> 28 | E32: =SUM(E28:E31) -> 0 | F32: =SUM(F28:F31) -> 4 | G32: =SUM(G28:G31) -> 3 | H32: =SUM(H28:H31) -> 28 | I32: =IF(H32=0,"–",D32/H32) -> 1
A33: * Pass rate = Passed / Executed (Passed + Failed). Skipped and Not Run cases are excluded and listed with their reason in Test Cases.
A35: Key results
A36: Execution coverage | B36: =TEXT(COUNTIF('Test Cases'!$L:$L,"Passed")+COUNTIF('Test Cases'!$L:$L,"Failed"),"0")&" of "&TEXT(COUNTA('Test Cases'!$A$4:$A$200),"0")&" cases executed" -> 28 of 35 cases executed | C36: Skipped = descoped by agreement; Not Run = needs extra tooling or a second project.
A37: Defects found | B37: 0 | C37: No product defects raised in either cycle.
A38: Observations | B38: =COUNTA(Observations!$A$4:$A$50) -> 5 | C38: See the Observations sheet (business-rule and usability findings).
A39: Automated cases | B39: TC-014, TC-015, TC-018, TC-019 | C39: Covered by the Selenium + TestNG (Java 21) suite in the GitHub repository.
A41: Status legend
A42: Passed | B42: Actual result matches expected result.
A43: Failed | B43: Actual result differs; a defect is raised.
A44: Skipped | B44: Deliberately descoped for this assessment; reason recorded.
A45: Not Run | B45: Not executed yet; needs extra setup or tooling.

Sheet Test Cases
A1: Test Cases – PlanRadar Form Builder
A2: Project: QA Assessment - Form Builder | Location: QA Testing Location | Form: QA_Form_Assessment_2026 | Tester: Mohamed El Hadad
A3: TC ID | B3: Scenario ID | C3: Scenario | D3: Test Case Title | E3: Type | F3: Priority | G3: Preconditions | H3: Test Data | I3: Test Steps | J3: Expected Result | K3: Actual Result | L3: Status | M3: Cycle | N3: Run Date | O3: Executed As | P3: Remarks | Q3: Previous IDs
A4: TC-001 | B4: SC-01 | C4: Form creation & field configuration | D4: Create a new form with mixed field types | E4: Positive | F4: High | G4: Signed in as Owner. Project "QA Assessment - Form Builder" exists. | H4: Form: QA_Form_Assessment_2026 Fields: Inspection Title (Short text), Description (Long text), Priority (Predefined), Inspection Date (Date), Estimated Cost (Decimal), Requires Follow-up (Checkbox), Internal Notes (Text), Inspection Category (List) | I4: 1. Go to Forms and Lists → Forms. 2. Click + Create a new form. 3. Enter the form name and a description; confirm with ✔. 4. Add the 8 fields from Test Data and rename each one. 5. Click Save. 6. Return to the Forms list. | J4: Form is saved without errors, is listed in Forms with Creator = Owner, and shows all 8 fields in the configured order. | K4: Form saved and listed in Forms; the builder showed all 8 configured fields. | L4: Passed | M4: Cycle 1 | N4: 2026-10-23 | O4: Owner | Q4: TC-001
A5: TC-002 | B5: SC-01 | C5: Form creation & field configuration | D5: Assign the form to the existing project and link a list | E5: Positive | F5: High | G5: TC-001 passed. | H5: Project: QA Assessment - Form Builder List: Type of Work → Inspection Category | I5: 1. Go to Projects → QA Assessment - Form Builder → Forms. 2. Click + Assign form, then + next to QA_Form_Assessment_2026. 3. In Inspection Category select the list Type of Work. 4. Click Apply. | J5: Form appears under Applied forms and Inspection Category is linked to Type of Work. | K5: Form appeared in Applied forms; Inspection Category linked to Type of Work. | L5: Passed | M5: Cycle 1 | N5: 2026-10-23 | O5: Owner | Q5: TC-002
A6: TC-003 | B6: SC-01 | C6: Form creation & field configuration | D6: Form is selectable in Create Ticket at the test location | E6: Positive | F6: High | G6: TC-002 passed. Location "QA Testing Location" exists. | H6: Location: QA Testing Location Form: QA_Form_Assessment_2026 | I6: 1. Go to Tickets and select QA Testing Location. 2. Click Create Ticket. 3. Check the selected location. 4. Open the form selector and choose QA_Form_Assessment_2026. | J6: Location shows QA Testing Location; the form is listed in the selector and its fields load. | K6: Location displayed QA Testing Location; form listed and loaded in Create Ticket. | L6: Passed | M6: Cycle 1 | N6: 2026-10-23 | O6: Owner | Q6: TC-029, TC-030
A7: TC-004 | B7: SC-01 | C7: Form creation & field configuration | D7: Short text and Long text render as different controls | E7: Positive | F7: Medium | G7: Create Ticket open with the form. | H7: Inspection Title = Short text Description = Long text | I7: 1. Locate Inspection Title. 2. Locate Description. 3. Compare the two input controls. | J7: Inspection Title is a single-line input; Description is a multi-line text area. | K7: Inspection Title shown as single-line input; Description as multi-line control. | L7: Passed | M7: Cycle 1 | N7: 2026-10-23 | O7: Owner | Q7: TC-013
A8: TC-005 | B8: SC-01 | C8: Form creation & field configuration | D8: Date field shows a date picker | E8: Positive | F8: Medium | G8: Create Ticket open with the form. | H8: Inspection Date = Date | I8: 1. Locate Inspection Date. 2. Check the control type. | J8: Inspection Date shows a Choose Date control that opens a date picker. | K8: Choose Date control displayed. | L8: Passed | M8: Cycle 1 | N8: 2026-10-23 | O8: Owner | P8: Date selection and persistence not executed → BL-02. | Q8: TC-014
A9: TC-006 | B9: SC-01 | C9: Form creation & field configuration | D9: Decimal field shows a numeric input | E9: Positive | F9: Medium | G9: Create Ticket open with the form. | H9: Estimated Cost = Decimal | I9: 1. Locate Estimated Cost. 2. Check the control type. | J9: Estimated Cost shows a numeric (decimal) input, not a text, date or list control. | K9: Numeric input displayed for Estimated Cost. | L9: Passed | M9: Cycle 1 | N9: 2026-10-23 | O9: Owner | P9: Boundary and invalid values not executed → BL-01. | Q9: TC-015
A10: TC-007 | B10: SC-01 | C10: Form creation & field configuration | D10: Checkbox field is unchecked on a new ticket | E10: Positive | F10: Medium | G10: Create Ticket open with the form; no default set for the checkbox. | H10: Requires Follow-up = Checkbox (no default) | I10: 1. Locate Requires Follow-up. 2. Check its initial state. | J10: Requires Follow-up is shown as a checkbox and is unchecked. | K10: Checkbox displayed, unchecked. | L10: Passed | M10: Cycle 1 | N10: 2026-10-23 | O10: Owner | Q10: TC-016
A11: TC-008 | B11: SC-01 | C11: Form creation & field configuration | D11: List field shows a dropdown of the linked list | E11: Positive | F11: Medium | G11: TC-002 passed. | H11: Inspection Category → Type of Work | I11: 1. Locate Inspection Category. 2. Open the dropdown. 3. Review the available values. | J11: Inspection Category is a dropdown showing the values of Type of Work; free text cannot be entered. | K11: Dropdown displayed with Type of Work values (incl. Assessment). | L11: Passed | M11: Cycle 1 | N11: 2026-10-23 | O11: Owner | Q11: TC-017
A12: TC-009 | B12: SC-01 | C12: Form creation & field configuration | D12: Selected list value is saved and logged in the Journal | E12: Positive | F12: Medium | G12: Ticket #1 exists. | H12: Ticket #1 Inspection Category = Assessment | I12: 1. Open Ticket #1. 2. In Inspection Category select Assessment. 3. Save and close the ticket. 4. Reopen Ticket #1. 5. Open the ticket Journal. | J12: Assessment is still selected after reopening; the Journal shows "Inspection Category set to Assessment". | K12: Assessment displayed after reopening; Journal entry "Inspection Category set to Assessment". | L12: Passed | M12: Cycle 1 | N12: 2026-10-23 | O12: Owner | Q12: TC-009, TC-038
A13: TC-021 | B13: SC-01 | C13: Form creation & field configuration | D13: Number / Decimal fields: boundary and invalid input | E13: Negative | F13: High | G13: Form assigned; Ticket #24 exists. | H13: Estimated Cost (Decimal): 0 · -1 · 999999999 · abc · 2,5 · 2.5 | I13: 1. Open Ticket #24. 2. Enter each value in Estimated Cost, one at a time. 3. Save each valid value, close and reopen the ticket. 4. Check that invalid characters are blocked. | J13: Valid numeric values are saved without data loss; alphabetic input is rejected; the decimal separator is handled consistently. | K13: 0, -1, 999999999 and 2.5 were saved and kept after reopening. "abc" and "2,5" were blocked on input. | L13: Passed | M13: Cycle 2 | N13: 2026-10-24 | O13: Owner | P13: Observation OB-01: negative cost (-1) is accepted – no min / max rule exists (Recommendation R6). OB-02: comma separator not accepted. | Q13: BL-01
A14: TC-022 | B14: SC-01 | C14: Form creation & field configuration | D14: Date value is saved unchanged after reload | E14: Positive | F14: Medium | G14: Form assigned; Ticket #24 exists. | H14: Inspection Date = 15/10/2026 | I14: 1. Open Ticket #24. 2. Pick 15/10/2026 in Inspection Date. 3. Save and close. 4. Reopen and compare the date. | J14: The selected date is kept with no day / month / year shift. | K14: 15/10/2026 shown unchanged after reopening. | L14: Passed | M14: Cycle 2 | N14: 2026-10-24 | O14: Owner | Q14: BL-02
A15: TC-023 | B15: SC-01 | C15: Form creation & field configuration | D15: List multi-selection and disabled list values | E15: Positive | F15: Medium | G15: Inspection Category linked to Type of Work; Allow multi-selection enabled. | H15: Values: Assessment, Condition Schedule, Clean up | I15: 1. Open Ticket #24 and select the three values. 2. Save and reopen. 3. In list settings try to disable Assessment (in use). 4. Disable an unused value. 5. Open a new ticket and check the dropdown. | J15: Multiple selections persist; an in-use value is protected; a disabled unused value is not offered. | K15: All three values kept after reopening. Disabling Assessment was blocked with a message. The disabled unused value was not offered in a new ticket. | L15: Passed | M15: Cycle 2 | N15: 2026-10-24 | O15: Owner | P15: Positive: in-use list values are protected from being disabled. | Q15: BL-03
A16: TC-024 | B16: SC-01 | C16: Form creation & field configuration | D16: Attachment field: maximum count and unsupported file type | E16: Negative | F16: Medium | G16: Attachment field added to the form. | H16: Max attachments = N; N+1 files; unsupported extension | I16: 1. Set a maximum number of attachments. 2. Upload N+1 files. 3. Upload a file with an unsupported extension. | J16: Excess files and unsupported types are rejected with clear feedback. | K16: — | L16: Skipped | M16: Cycle 2 | N16: — | O16: — | P16: Descoped from this assessment: attachment fields not part of the agreed scope. | Q16: BL-04
A17: TC-025 | B17: SC-01 | C17: Form creation & field configuration | D17: Checklist: note / attachment mandatory for Fail | E17: Negative | F17: Medium | G17: Checklist field added to the form. | H17: Response = Fail; note / attachment mandatory for Fail | I17: 1. Set note / attachment mandatory for Fail. 2. Select Fail in a ticket. 3. Save without a note or attachment. | J17: Save is blocked until the required note / attachment is added. | K17: — | L17: Skipped | M17: Cycle 2 | N17: — | O17: — | P17: Descoped from this assessment: checklist field not part of the agreed scope. | Q17: BL-05
A18: TC-010 | B18: SC-02 | C18: Field permissions (view / edit per role) | D18: Editor role can open a ticket created by the Owner | E18: Positive | F18: Medium | G18: Role QA_Editor: Tickets View = All tickets; Edit = All tickets that the user can view. Ticket #1 created by Owner. | H18: User: QA_Editor account Ticket #1 | I18: 1. Sign in as the QA_Editor user. 2. Select QA Assessment - Form Builder and QA Testing Location. 3. Find Ticket #1 in the list. 4. Open it. | J18: Ticket #1 is listed and opens with the form fields visible. | K18: Ticket #1 visible and opened under QA_Editor. | L18: Passed | M18: Cycle 1 | N18: 2026-10-23 | O18: QA_Editor | P18: Precondition for TC-011. | Q18: TC-018
A19: TC-011 | B19: SC-02 | C19: Field permissions (view / edit per role) | D19: Editor can edit a permitted field; change is attributed in Journal | E19: Positive | F19: Critical | G19: Internal Notes: Visible To and Editable By include QA_Editor. | H19: User: QA_Editor account Internal Notes = "QA Editor - Permission Test" | I19: 1. Sign in as the QA_Editor user. 2. Open Ticket #1. 3. Enter the test value in Internal Notes. 4. Save, then reopen the ticket. 5. Open the Journal. | J19: Value is saved and shown after reopening; the Journal attributes "Internal Notes set to QA Editor - Permission Test" to the editor user. | K19: Value persisted; Journal recorded the edit by the editor user (M. Tester). | L19: Passed | M19: Cycle 1 | N19: 2026-10-23 | O19: QA_Editor | Q19: TC-010, TC-039
A20: TC-012 | B20: SC-02 | C20: Field permissions (view / edit per role) | D20: Viewer sees a field read-only and cannot change it | E20: Negative | F20: Critical | G20: Internal Notes: QA_Viewer in Visible To, not in Editable By. TC-011 passed. | H20: User: QA_Viewer account Ticket #1 | I20: 1. Sign in as the QA_Viewer user. 2. Open Ticket #1. 3. Read Internal Notes. 4. Try to click into and type in the field. 5. Hover the field. | J20: Saved value is visible; the field is disabled; a tooltip explains the restriction; the stored value does not change. | K20: Value visible; tooltip "Editing is disabled for this field due to your role permissions."; no change possible. | L20: Passed | M20: Cycle 1 | N20: 2026-10-23 | O20: QA_Viewer | Q20: TC-011, TC-040
A21: TC-013 | B21: SC-02 | C21: Field permissions (view / edit per role) | D21: Restricted role does not see a hidden field | E21: Negative | F21: Critical | G21: Internal Notes: QA_Restricted in neither Visible To nor Editable By. | H21: User: QA_Restricted account Ticket #1 | I21: 1. Sign in as the QA_Restricted user. 2. Open Ticket #1. 3. Inspect the area between Requires Follow-up and Inspection Category. | J21: Internal Notes (label and value) is not rendered; Requires Follow-up and Inspection Category remain visible in their positions. | K21: Internal Notes absent; neighbouring fields visible. | L21: Passed | M21: Cycle 1 | N21: 2026-10-23 | O21: QA_Restricted | Q21: TC-012, TC-041
A22: TC-026 | B22: SC-02 | C22: Field permissions (view / edit per role) | D22: Subcontractor: hidden field and edit restriction | E22: Negative | F22: High | G22: Subcontractor user in the project. | H22: Subcontractor account; text field | I22: 1. Restrict a field for Subcontractor. 2. Open the ticket as Subcontractor. 3. Check visibility and editing. | J22: Configured visibility and edit restrictions are enforced for the Subcontractor. | K22: — | L22: Skipped | M22: Cycle 2 | N22: — | O22: — | P22: Descoped: permission enforcement already verified with QA_Editor, QA_Viewer and QA_Restricted (TC-011 – TC-013). | Q22: BL-06
A23: TC-027 | B23: SC-02 | C23: Field permissions (view / edit per role) | D23: Apply to all fields / Reset permissions | E23: Positive | F23: Medium | G23: Form with restricted field permissions. | H23: Field permissions dialog | I23: 1. Set permissions on one field. 2. Apply to all fields. 3. Reset permissions and compare. | J23: Bulk apply and reset behave as documented. | K23: — | L23: Skipped | M23: Cycle 2 | N23: — | O23: — | P23: Descoped: administrative bulk action outside the agreed scope. | Q23: BL-07
A24: TC-028 | B24: SC-02 | C24: Field permissions (view / edit per role) | D24: Hidden mandatory field does not block the restricted role from saving | E24: Positive | F24: High | G24: Field BL08_Restricted_Required (Short text) mandatory at form and project level and hidden from QA_Restricted; value left empty. | H24: Field: BL08_Restricted_Required Users: Owner (setup), QA_Restricted Ticket #24 | I24: 1. As Owner, create the field, make it mandatory in the form and in Projects › Forms. 2. Hide it from QA_Restricted. 3. As Owner, confirm the asterisk is shown. 4. Sign in as QA_Restricted and edit an allowed field on Ticket #24. 5. Save. | J24: The restricted user saves permitted changes without being blocked by a mandatory field they cannot see. | K24: Owner saw the field with a required asterisk. QA_Restricted did not see the field and saved the ticket successfully. | L24: Passed | M24: Cycle 2 | N24: 2026-10-24 | O24: QA_Restricted (Owner for setup) | P24: Observation OB-03: first attempt invalid – project-level Mandatory checkbox was off; re-run after enabling it. | Q24: BL-08
A25: TC-029 | B25: SC-02 | C25: Field permissions (view / edit per role) | D25: Restricted field value not exposed via API or mobile app | E25: Negative | F25: High | G25: QA_Restricted has no view right on Internal Notes. | H25: API client / mobile app; QA_Restricted | I25: 1. Open Ticket #1 as QA_Restricted through the API and the mobile app. 2. Inspect the response and the screen. | J25: The restricted field and its value are not returned or displayed. | K25: — | L25: Not Run | M25: Cycle 2 | N25: — | O25: — | P25: Requires API tooling and mobile devices; planned for a security-focused cycle. | Q25: BL-09
A26: TC-014 | B26: SC-03 | C26: Default values | D26: Long text default value is pre-filled on a new ticket | E26: Positive | F26: High | G26: Description default = "QA Assessment - Default Description". | H26: Description default: QA Assessment - Default Description | I26: 1. Sign in as Owner and click Create Ticket. 2. Select QA_Form_Assessment_2026. 3. Do not type in any field. 4. Read Description. | J26: Description shows "QA Assessment - Default Description" on load. | K26: Default text displayed on load. | L26: Passed | M26: Cycle 1 | N26: 2026-10-23 | O26: Owner | Q26: TC-006, TC-034
A27: TC-015 | B27: SC-03 | C27: Default values | D27: Predefined Priority default is pre-selected on a new ticket | E27: Positive | F27: High | G27: Priority default = Medium. | H27: Priority default: Medium | I27: 1. Click Create Ticket and select the form. 2. Do not change Priority. 3. Read Priority. | J27: Priority shows Medium on load. | K27: Priority displayed Medium on load. | L27: Passed | M27: Cycle 1 | N27: 2026-10-23 | O27: Owner | Q27: TC-006, TC-035
A28: TC-016 | B28: SC-03 | C28: Default values | D28: Default values are stored with the saved ticket | E28: Positive | F28: High | G28: TC-014 and TC-015 passed. | H28: Inspection Title = QA Inspection Test 001 Description / Priority = defaults | I28: 1. Open a new ticket with the form. 2. Leave Description and Priority unchanged. 3. Fill Inspection Title. 4. Save. 5. Reopen Ticket #1. | J28: Ticket #1 keeps Description = "QA Assessment - Default Description" and Priority = Medium. | K28: Reopened Ticket #1 showed both default values. | L28: Passed | M28: Cycle 1 | N28: 2026-10-23 | O28: Owner | Q28: TC-007, TC-036, TC-037
A29: TC-030 | B29: SC-03 | C29: Default values | D29: Changed default value does not alter existing tickets | E29: Positive | F29: High | G29: Ticket #1 saved with the original Description default. | H29: Old default: QA Assessment - Default Description New default: QA Assessment - Updated Default Description | I29: 1. Change the Description default to the new text and save the form. 2. Reopen Ticket #1. 3. Open Create Ticket with the form. | J29: Ticket #1 keeps the old value; a new ticket loads the new default. | K29: Ticket #1 still showed the old description; the new ticket showed the updated default. Priority stayed Medium. | L29: Passed | M29: Cycle 2 | N29: 2026-10-24 | O29: Owner | Q29: BL-10
A30: TC-031 | B30: SC-03 | C30: Default values | D30: Default values for Number, Date, Time and Checkbox | E30: Positive | F30: Medium | G30: Defaults configured in the Form Builder. | H30: Number (BL11_Default_Number) = 10 Date = 15/10/2026 Time = 10:30 Checkbox = checked | I30: 1. Set the four defaults and save the form. 2. Open Create Ticket with the form. 3. Read the four fields. | J30: All four defaults are pre-filled on load. | K30: Number 10, Date 15/10/2026, Time 10:30 and the checked checkbox were all shown on load. | L30: Passed | M30: Cycle 2 | N30: 2026-10-24 | O30: Owner | P30: Scope: on-load values; persistence covered by TC-016. | Q30: BL-11
A31: TC-017 | B31: SC-04 | C31: Mandatory fields | D31: Mandatory field shows a required indicator | E31: Positive | F31: Medium | G31: Inspection Title set as Mandatory. | H31: Inspection Title (Short text, Mandatory) | I31: 1. Click Create Ticket and select the form. 2. Look at the Inspection Title label. 3. Compare with optional fields. | J31: Inspection Title shows an asterisk (*); optional fields do not. | K31: Asterisk shown next to Inspection Title only. | L31: Passed | M31: Cycle 1 | N31: 2026-10-23 | O31: Owner | Q31: TC-031
A32: TC-018 | B32: SC-04 | C32: Mandatory fields | D32: Ticket cannot be saved while a mandatory field is empty | E32: Negative | F32: Critical | G32: Inspection Title set as Mandatory. | H32: Title = QA_TC001_Mandatory_Validation Inspection Title = <empty> Priority = Medium | I32: 1. Click Create Ticket and select the form. 2. Enter the Title. 3. Leave Inspection Title empty. 4. Click Save. 5. Check the field, the message under it, the notification area and the dialog. | J32: Save is rejected: Inspection Title is highlighted with an inline message, an error notification appears, the dialog stays open and no ticket is created. | K32: Field outlined red; inline and toast message "You have not filled in all the required fields"; dialog stayed open; no ticket created. | L32: Passed | M32: Cycle 1 | N32: 2026-10-23 | O32: Owner | Q32: TC-004, TC-032, TC-033
A33: TC-019 | B33: SC-04 | C33: Mandatory fields | D33: Ticket is saved once the mandatory field is filled | E33: Positive | F33: High | G33: TC-018 executed; dialog still open. | H33: Inspection Title = QA Inspection Test 001 | I33: 1. Fill Inspection Title. 2. Keep the other values. 3. Click Save and close. 4. Open the Tickets list. | J33: Success notification appears and the ticket is listed in Tickets. | K33: Toast "Data successfully created"; Ticket #1 listed. | L33: Passed | M33: Cycle 1 | N33: 2026-10-23 | O33: Owner | Q33: TC-005
A34: TC-020 | B34: SC-04 | C34: Mandatory fields | D34: Empty optional fields do not block saving | E34: Positive | F34: Medium | G34: Only Inspection Title is mandatory. | H34: Inspection Date, Estimated Cost, Internal Notes = <empty> Requires Follow-up = unchecked | I34: 1. Open Create Ticket with the form. 2. Fill only the mandatory fields. 3. Leave the optional fields empty. 4. Save and reopen the ticket. | J34: Ticket is saved; optional fields are empty / unchecked after reopening. | K34: Ticket #1 saved; optional fields empty / unchecked on reopen. | L34: Passed | M34: Cycle 1 | N34: 2026-10-23 | O34: Owner | P34: Executed on the same save as TC-019 (Ticket #1). | Q34: TC-008, TC-042
A35: TC-032 | B35: SC-04 | C35: Mandatory fields | D35: Whitespace-only value in a mandatory text field is rejected | E35: Negative | F35: High | G35: Inspection Title mandatory; other required fields filled. | H35: Inspection Title = " " (5 spaces) | I35: 1. Open Create Ticket with the form. 2. Fill the other required fields. 3. Enter five spaces in Inspection Title. 4. Click Save. | J35: Save is blocked as for an empty field. | K35: Save blocked; required-field validation shown for Inspection Title. | L35: Passed | M35: Cycle 2 | N35: 2026-10-24 | O35: Owner | P35: Re-run in isolation so that no other mandatory field was empty. | Q35: BL-12
A36: TC-033 | B36: SC-04 | C36: Mandatory fields | D36: Clearing a mandatory field on an existing ticket blocks saving | E36: Negative | F36: High | G36: Ticket #24 saved with Inspection Title filled. | H36: Ticket #24; Inspection Title cleared | I36: 1. Open Ticket #24. 2. Make sure other required fields are filled. 3. Clear Inspection Title. 4. Click Save. | J36: Save is blocked and the stored value is not changed. | K36: Save blocked with the required-field validation. | L36: Passed | M36: Cycle 2 | N36: 2026-10-24 | O36: Owner | Q36: BL-13
A37: TC-034 | B37: SC-04 | C37: Mandatory fields | D37: Project-level mandatory override applies only to that project | E37: Positive | F37: Medium | G37: Same form assigned to two projects. | H37: Project A: field mandatory · Project B: not mandatory | I37: 1. Assign the form to a second project. 2. Make the field mandatory in one project only. 3. Compare Create Ticket in both. | J37: The override applies only in the configured project. | K37: — | L37: Not Run | M37: Cycle 2 | N37: — | O37: — | P37: Requires a second project; planned for the next cycle. | Q37: BL-14
A38: TC-035 | B38: SC-04 | C38: Mandatory fields | D38: Mandatory field satisfied by its default value | E38: Positive | F38: Medium | G38: Mandatory field with a valid default value. | H38: Mandatory field + default | I38: 1. Configure a mandatory field with a default. 2. Create a ticket without editing it. 3. Save. | J38: The pre-filled default satisfies the mandatory rule. | K38: — | L38: Not Run | M38: Cycle 2 | N38: — | O38: — | P38: Planned for the next cycle. | Q38: BL-15

Sheet Observations
A1: Observations
A2: Findings that are not product defects but are worth reporting; linked to test cases and recommendations.
A3: ID | B3: Type | C3: Observation | D3: Test case | E3: Impact | F3: Recommendation
A4: OB-01 | B4: Business rule | C4: Estimated Cost (Decimal) accepts a negative value (-1) and very large values (999999999); the Form Builder has no min / max setting for numeric fields. | D4: TC-021 | E4: Invalid cost data can be stored. | F4: R6 – Validation rules for Number, Decimal and Text
A5: OB-02 | B5: Usability / locale | C5: The comma decimal separator (2,5) is blocked on input; only the dot (2.5) is accepted in the tested locale. | D5: TC-021 | E5: Users in comma-decimal regions may be confused. | F5: Show the expected format as a hint in the field
A6: OB-03 | B6: Configuration | C6: A new mandatory field was not mandatory in the project until the Mandatory checkbox was also ticked in Projects › Forms. | D6: TC-028 | E6: Admins may believe a field is required when it is not. | F6: Show the project-level mandatory state in the Form Builder
A7: OB-04 | B7: Positive | C7: A list value already used in tickets cannot be disabled; the app shows a message instead. | D7: TC-023 | E7: Protects existing ticket data. | F7: —
A8: OB-05 | B8: Usability | C8: The mandatory-field toast does not name the missing field(s). | D8: TC-018 | E8: Users must search for the highlighted field. | F8: R3 – Name the missing fields

Sheet Test Data
A1: Test Data and Form Configuration
A2: Configuration of the form under test, as set in the Form Builder for each cycle.
A4: Form field configuration
A5: Field name | B5: Field type | C5: Mandatory | D5: Default value | E5: Linked list | F5: Visible To | G5: Editable By
A6: Title | B6: Predefined | C6: System | D6: — | E6: — | F6: All roles | G6: All roles
A7: Inspection Title | B7: Short text | C7: Yes | D7: — | E7: — | F7: All roles | G7: All roles
A8: Description | B8: Long text | C8: No | D8: Cycle 1: QA Assessment - Default Description Cycle 2: QA Assessment - Updated Default Description | E8: — | F8: All roles | G8: All roles
A9: Priority | B9: Predefined | C9: No | D9: Medium | E9: — | F9: All roles | G9: All roles
A10: Inspection Date | B10: Date | C10: No | D10: Cycle 2: 15/10/2026 | E10: — | F10: All roles | G10: All roles
A11: Estimated Cost | B11: Decimal | C11: No | D11: — | E11: — | F11: All roles | G11: All roles
A12: Requires Follow-up | B12: Checkbox | C12: No | D12: Cycle 1: unchecked Cycle 2: checked | E12: — | F12: All roles | G12: All roles
A13: Internal Notes | B13: Text | C13: No | D13: — | E13: — | F13: Owner, QA_Editor, QA_Viewer | G13: Owner, QA_Editor
A14: Inspection Category | B14: List (multi-selection in Cycle 2) | C14: No | D14: — | E14: Type of Work | F14: All roles | G14: All roles
A15: BL08_Restricted_Required | B15: Short text | C15: Yes (form + project) | D15: — | E15: — | F15: All roles except QA_Restricted | G15: All roles except QA_Restricted
A16: BL11_Default_Number | B16: Number | C16: No | D16: 10 | E16: — | F16: All roles | G16: All roles
A17: Time field (Cycle 2) | B17: Time | C17: No | D17: 10:30 | E17: — | F17: All roles | G17: All roles
A18: Highlighted rows: fields with restricted permissions ("All roles can view and edit" switched off).
A20: Ticket and record data
A21: Item | B21: Value | C21: Used in
A22: Project | B22: QA Assessment - Form Builder | C22: All
A23: Location | B23: QA Testing Location | C23: All
A24: Form | B24: QA_Form_Assessment_2026 | C24: All
A25: Ticket #1 – Title | B25: QA_TC001_Mandatory_Validation | C25: TC-018, TC-019
A26: Ticket #1 – Inspection Title | B26: QA Inspection Test 001 | C26: TC-016, TC-019
A27: Ticket #1 – Inspection Category | B27: Assessment | C27: TC-009
A28: Ticket #1 – Internal Notes | B28: QA Editor - Permission Test | C28: TC-011, TC-012
A29: Ticket #24 | B29: Cycle 2 working ticket | C29: TC-021 – TC-023, TC-028, TC-033
A30: Numeric inputs | B30: 0 · -1 · 999999999 · abc · 2,5 · 2.5 | C30: TC-021
A31: List values | B31: Assessment, Condition Schedule, Clean up | C31: TC-023
A32: Whitespace input | B32: 5 spaces | C32: TC-032

Sheet Roles & Accounts
A1: Project Roles and Test Accounts
A2: Roles used for permission testing. Passwords are never stored in this file.
A4: Project roles
A5: Role | B5: Tickets – View | C5: Tickets – Edit | D5: Internal Notes – View | E5: Internal Notes – Edit | F5: Used in
A6: Owner | B6: All tickets | C6: All tickets | D6: Yes | E6: Yes | F6: Form set-up and most cases
A7: QA_Editor | B7: All tickets | C7: All tickets that the user can view | D7: Yes | E7: Yes | F7: TC-010, TC-011
A8: QA_Viewer | B8: All tickets | C8: As configured | D8: Yes | E8: No (read-only) | F8: TC-012
A9: QA_Restricted | B9: All tickets | C9: As configured | D9: No (hidden) | E9: No | F9: TC-013, TC-028
A11: Test accounts
A12: Login email | B12: Assigned role | C12: Password | D12: Notes
A13: mohammedhaddad709@gmail.com | B13: Owner | C13: Stored locally (PLANRADAR_PASSWORD) | D13: Trial account owner; builds the form
A14: wafax79593@moblha.com | B14: QA_Editor | C14: Stored locally (PLANRADAR_PASSWORD) | D14: Positive permission case
A15: vetig36232@moblha.com | B15: QA_Viewer | C15: Stored locally (PLANRADAR_PASSWORD) | D15: Read-only case
A16: melhadad923@gmail.com | B16: QA_Restricted | C16: Stored locally (PLANRADAR_PASSWORD) | D16: Hidden-field cases
A18: Security note: never put plain-text passwords in test cases, GitHub, logs or screenshots. Use environment variables or an untracked config file.

Sheet Traceability
A1: Requirements Traceability Matrix
A2: Each requirement of the assessment task mapped to its test cases and results.
A3: Req. ID | B3: Requirement (from assessment task) | C3: Scenario ID | D3: Test cases | E3: Total / Passed | F3: Skipped / Not Run
A4: REQ-01 | B4: Create a new form with a variety of field types and configurations; verify all configurations are accurately applied. Add the form to the existing project. | C4: SC-01 | D4: TC-001 – TC-009, TC-021 – TC-025 | E4: =COUNTIF('Test Cases'!$B:$B,C4)&" / "&COUNTIFS('Test Cases'!$B:$B,C4,'Test Cases'!$L:$L,"Passed") -> 14 / 12 | F4: =COUNTIFS('Test Cases'!$B:$B,C4,'Test Cases'!$L:$L,"Skipped")&" / "&COUNTIFS('Test Cases'!$B:$B,C4,'Test Cases'!$L:$L,"Not Run") -> 2 / 0
A5: REQ-02 | B5: Test permission settings for fields (view / edit per role) and validate they are enforced. | C5: SC-02 | D5: TC-010 – TC-013, TC-026 – TC-029 | E5: =COUNTIF('Test Cases'!$B:$B,C5)&" / "&COUNTIFS('Test Cases'!$B:$B,C5,'Test Cases'!$L:$L,"Passed") -> 8 / 5 | F5: =COUNTIFS('Test Cases'!$B:$B,C5,'Test Cases'!$L:$L,"Skipped")&" / "&COUNTIFS('Test Cases'!$B:$B,C5,'Test Cases'!$L:$L,"Not Run") -> 2 / 1
A6: REQ-03 | B6: Test default values and ensure they are populated when the form is loaded. | C6: SC-03 | D6: TC-014 – TC-016, TC-030 – TC-031 | E6: =COUNTIF('Test Cases'!$B:$B,C6)&" / "&COUNTIFS('Test Cases'!$B:$B,C6,'Test Cases'!$L:$L,"Passed") -> 5 / 5 | F6: =COUNTIFS('Test Cases'!$B:$B,C6,'Test Cases'!$L:$L,"Skipped")&" / "&COUNTIFS('Test Cases'!$B:$B,C6,'Test Cases'!$L:$L,"Not Run") -> 0 / 0
A7: REQ-04 | B7: Verify that mandatory fields are enforced. | C7: SC-04 | D7: TC-017 – TC-020, TC-032 – TC-035 | E7: =COUNTIF('Test Cases'!$B:$B,C7)&" / "&COUNTIFS('Test Cases'!$B:$B,C7,'Test Cases'!$L:$L,"Passed") -> 8 / 6 | F7: =COUNTIFS('Test Cases'!$B:$B,C7,'Test Cases'!$L:$L,"Skipped")&" / "&COUNTIFS('Test Cases'!$B:$B,C7,'Test Cases'!$L:$L,"Not Run") -> 0 / 2
A8: REQ-05 | B8: Automate at least one testing scenario. | C8: SC-03, SC-04 | D8: TC-014, TC-015, TC-018, TC-019 | E8: Automated | F8: —
